ID,Title,Location,Salary,Summary
https://kr.indeed.com/viewjob?jk=2eb89f0edaed04e5,[TmaxAI/R&D] AI 로보어드바이저 개발자,성남 분당구,,"220, 225); font-size: 13px; 인터넷·IT·통신·모바일·게임>빅데이터·AI(인공지능)> Python|인터넷·IT·통신·모바일·게임>빅데이터·AI(인공지능)>인공지능(AI)|금융·보험·증권>금융사무·심사·추심>기업금융"
https://kr.indeed.com/viewjob?jk=40de6a4b81f8724f,[전문연구요원 신규편입/전직] 의료영상/음성인식/생체신호 연구원,서울 서초구,,인공지능)>텍스트마이닝|인터넷·IT·통신·모바일·게임>빅데이터·AI(인공지능)>인공지능(AI)|인터넷·IT·통신·모바일·게임>빅데이터·AI(인공지능)> Python|인터넷·IT·통신·모바일·게임>빅데이터·AI(인공지능)>딥러닝
https://kr.indeed.com/viewjob?jk=5c466b72dcc66bfe,Python 시스템 개발자 신입/경력자,세종특별자치시,,"직무내용] 담당업무 ㆍ영상처리 & 머신러닝 시스템 개발, 통신(TCP/IP, Serial), FTP, DB 지원자격 ㆍ경력 : 신입/경력 2년 이상학력 : 초대졸(2년제)이상연봉 : 면접후 결정우대사항ㆍ전기/전자공학, 컴퓨터..."
https://kr.indeed.com/viewjob?jk=c0a8aa7f6cab23df,"[대기업] 딥러닝 (AI, 영상인식) 전문가 (석박사급)",서울,,공지능)>딥러닝|인터넷·IT·통신·모바일·게임>빅데이터·AI(인공지능)> Python|인터넷·IT·통신·모바일·게임>빅데이터·AI(인공지능)>데이터분석... 통신·모바일·게임>응용프로그래머> Python|인터넷·IT·통신·모바일·게임...
https://kr.indeed.com/viewjob?jk=e29bd57c416ee579,인재 Pool 등록,대한민국,,"5년 이상 (IT기획, 프로젝트 PM/PL, 개발경력 등) - 자격 : 컴퓨터 언어 활용능력 보유 (JAVA, PYTHON) : 데이터베이스(RDBMS) 활용능력 보유 - 우대사항 : IT 예산(HW,SW,인건비) 수립 경험..."
https://kr.indeed.com/viewjob?jk=f8691758f74c5242,Support Engineer- Developer,서울,,"developing with Chatbot, Linux, Apache, Java, Node, Python, PHP, or Ruby - Knowledge and experiences of cloud services (Azure..."
https://kr.indeed.com/viewjob?jk=71c47ac87bb4087e,기술 인턴 인공지능 응용 연구/개발 인턴,서울 관악구,,"6개월) (협의) *모집 절차: 서류 à인터뷰(오프라인) *지원 자격: 프로그래밍 언어 활용 능력: Python, C, C++ 중 1가지 이상 데이터구조, 알고리즘 과목 이수 머신러닝과 딥러닝의 기본 개념 이해 머신러닝..."
https://kr.indeed.com/viewjob?jk=7fd391b9dd98c526,Data Scientist,서울 강남구,,통신·모바일·게임>빅데이터·AI(인공지능)> Python|인터넷·IT·통신·모바일·게임>응용프로그래머>머신러닝(ML)|인터넷·IT·통신·모바일·게임>응용프로그래머> Python|인터넷·IT·통신·모바일·게임>데이터베이스·DBA>SQL
https://kr.indeed.com/viewjob?jk=aac8e9355cb855ac,[인재풀] 아티스트,서울,,Maya or 3D Max등의 아트웍 툴 사용 경험 Max script 또는 Mel Script의 사용 경험 C# 또는 Python 언어에 대한 이해 및 활용 능력 아트웍 관련 툴 제작 또는 플러그인 제작 경험
https://kr.indeed.com/viewjob?jk=526772866a1d2572,[KSTEC] 통계/Analytics 신입 및 경력사원,성남 분당구,,"지능화 (의사결정 자동화) 시스템 개발 (SPSS, SAS, R, Python, Java 기반)2. 기업용 데이터과학 & 인공지능 플랫폼 솔루션3... 게임>빅데이터·AI(인공지능)> Python|인터넷·IT·통신·모바일·게임..."
https://kr.indeed.com/viewjob?jk=a89d108eca8655a6,리스크관리부 경력직,대한민국,,"리스크관리방안 수립 - 장외파생상품 관련 한도, 일별 손익 등 모니터링 필요역량 - 프로그래밍 언어(C/ Python 등)를 이용한 장외파생상품 Pricing Skill 보유자 - 장외파생상품 및 시장리스크 관련 지식 보유자..."
https://kr.indeed.com/viewjob?jk=8a1abe95026abc39,정보보호담당 경력사원,용인 수지구,,"및 이행 경험자 - 정보반 관련 서버/네트워크 인프라 지식 및 기술 보유자 · 우대사항 - 프로그램( Python, C, JAVA) 보안 개발 및 시큐어 코딩 가능자 - End-point 보안 취약점 조치 가능자..."
https://kr.indeed.com/viewjob?jk=9211dfb5091a8cc4,SW engineer intern,서울,,"nationals with valid residential status in Korea. - Fluent in Python, shell scripts and C/C++. - Fluent in JavaScript, HTML..."
https://kr.indeed.com/viewjob?jk=14d562d10c215572,"PHP, Python 신입/경력 정규직",서울 금천구,,"주식회사 비즈부스터 PHP, Python 개발자 채용 모집부문 및 자격요건 담당업무 자격요건 인원 [담당업무]*당사의 서비스(비즈탑) 솔루션 및 서비... 프로그래머>PHP |인터넷·IT·통신·모바일·게임>웹프로그래머> Python"
https://kr.indeed.com/viewjob?jk=3544467a7b64376f,[전문연구요원] 의료영상 리서치 엔지니어 정규직,서울 마포구,,"학력무관직무기술: VISUALC++, 응용프로그래밍, C·C++, Python, AI개발 2 명 근무조건 고용형태: 정규직(수습기간3개월)근무부서... 머신러닝(ML)|인터넷·IT·통신·모바일·게임>응용프로그래머> Python"
https://kr.indeed.com/viewjob?jk=cf23f938c19e5afa,인공지능 (AI) 딥러닝 연구 개발자,서울 마포구,"연봉 30,000,000원 - 35,000,000원","초지식 및 경험자3. Python 및 Tensorflow, Pytorch, linux 사용 경험자4. Numpy, Pandas, librosa, ffmpeg, Dlib, OpenCV (for Python) 관련 경험 존재 5..."
https://kr.indeed.com/viewjob?jk=87309d3ff40ead61,딥러닝 AI 개발 연구원,성남 수정구,,시스템프로그래머>임베디드(Embedded)|인터넷·IT·통신·모바일·게임>응용프로그래머>C·C++|인터넷·IT·통신·모바일·게임>응용프로그래머>Linux|인터넷·IT·통신·모바일·게임>빅데이터·AI(인공지능)> Python
https://kr.indeed.com/viewjob?jk=79fb95da6dff4025,하반기 신입(채용 연계형 인턴) 수시채용,서울 마곡동,,"Python, R, 기타 코딩 능력 보유자 또는 통계 분석에 대한 기초 지식 보유자 중 1개 해당자 우대사항 · 통계 분석에 대한 기초 지식 보유자 · 기초 프로그래밍 코딩 구현 능력 보유자 ( Python or R..."
https://kr.indeed.com/viewjob?jk=dbe3257e487e5814,[AI/Lab] AI 백엔드 엔지니어 (전문연구요원 가능),서울,,"플랫폼 및 시스템 구축 이런 분을 찾습니다 주도적으로 문제를 찾고, 해결할 수 있는 능력을 보유하신 분 Python 사용 경험이 있으신 분 다음 항목 중 두 가지 이상에 해당되는 분 AWS 혹은 GCP와 같은 클라우드 플랫폼..."
https://kr.indeed.com/viewjob?jk=fa5ac3825b577cf6,Data Engineer & Scientist,서울 영등포구,,"리즘에 대한 깊은 이해 - Data integrity, data governance 에 대한 이해 - Python Data & Analytics 라이브러리 경험 (NLTK, Spacy, Scikit-Learn, PyTorch..."
https://kr.indeed.com/viewjob?jk=ea2ab43c3a607fb1,Python 기반 빅데이터 처리 개발자,서울 서초구,,인터넷·IT·통신·모바일·게임>웹프로그래머> Python|인터넷·IT·통신·모바일·게임>응용프로그래머> Python|인터넷·IT·통신·모바일·게임>통신·모바일>플랫폼(VM)
https://kr.indeed.com/viewjob?jk=df21e3bb5d773616,Python Programmer,서울 서초구,,개발 – JAVA 프로그래밍(라이브러리 활용) – Spring 프레임 워크 개발 – Python API 프로그래밍 우대사항 – Python 개발 경험 – Open Source 라이브러리 개발경험 – Web 표준에 대한 경험...
https://kr.indeed.com/viewjob?jk=83ac30b1574b7209,[진행중] 우리은행 AI사업부 전문직(인공지능 알고리즘) 채용공고,서울 회현동,,"조건 중 한 가지 이상 충족) - 인공지능 알고리즘 설계/검증 및 성능 개선 업무 경력 보유 - Python, R 등 프로그래밍 활용 역량 보유 - 은행, 카드, 보험 등 금융 분야 프로젝트 경험자 우대사항..."
https://kr.indeed.com/viewjob?jk=ce8a55e3c9e70f89,[진행중] 우리은행 빅데이터사업부 전문직 (데이터사이언티스트-데이터분석) 채용공고,서울 회현동,,"공학)/수학/통계 관련 전공자 - 금융 분야 또는 B2C 서비스, 플랫폼 운영/기획 경험 보유자 - Python/R/Java 등 분석 및 프로그래밍 언어 사용 경험자 - 은행 등 금융권 데이터 기획/운영/PM 관련..."
https://kr.indeed.com/viewjob?jk=b7a101fa87b0411b,"딥러닝 솔루션 개발 (이미지, 자연어, 시계열 데이터)",성남 분당구,,모바일·게임>빅데이터·AI(인공지능)>인공지능(AI)|인터넷·IT·통신·모바일·게임>빅데이터·AI(인공지능)> Python|인터넷·IT·통신·모바일·게임>빅데이터·AI(인공지능)>머신러닝|인터넷·IT·통신·모바일·게임>빅데이터...
https://kr.indeed.com/viewjob?jk=01bd5372e531d949,"Sales - Sales Operations Specialist, Seoul, Korea",서울,,"software, including... limited to Excel, PPT, Word, SQL, Python, Tableau, etc. Demonstrated ability to define, refine..."
https://kr.indeed.com/viewjob?jk=fb8f5764cdbe3c39,"Customer Solutions Engineer, Global Client and Agency Soluti...",서울,,"general purpose programming language (e.g., Java, C/C++, Python). Ability to speak and write in English and Korean fluently..."
https://kr.indeed.com/viewjob?jk=8af26b37623864c4,8퍼센트 개발자 (신입/경력),서울 종로구,,개발 금융 데이터 분석과 분석 플랫폼 운영 자격요건 컴퓨터 전공자 또는 웹 개발 경력 1년 이상 우대사항 Python 코드를 무리 없이 읽으실 수 있는 분 Linux/Mac 사용 가능한 분 새로운 기술에 대한 호기심을 가지신...
https://kr.indeed.com/viewjob?jk=fe3ff8f651d902aa,[TmaxAI/R&D] AI 로보어드바이저 개발자,성남 분당구,,"기졸업자 또는 22년 2월 졸업 예정자 -금융공학을 포함한 금융 관련 분야 전공자 혹은 유관 능력 보유자 - Python, numpy, pandas 사용 경험 우대사항 -컴퓨터 및 전산관련 전공 -금융권 경력 3년 이상이거나..."
https://kr.indeed.com/viewjob?jk=c25feb431668b850,Teacher,서울•원격 근무,"시급 50,000원 - 120,000원","Cultures) Computer Science (Programming Languages--e.g., Python, C/C++, etc. ) Fine Arts (BFA/MFA Majors) Instructors..."
https://kr.indeed.com/viewjob?jk=7d0fe7c1e7481fda,[하나금융융합기술원] 경영 기획/전략 (11/22~12/5),서울 강남구,,통신·모바일·게임>빅데이터·AI(인공지능)>데이터분석|인터넷·IT·통신·모바일·게임>빅데이터·AI(인공지능)> Python|인터넷·IT·통신·모바일·게임>빅데이터·AI(인공지능)>머신러닝|인터넷·IT·통신·모바일·게임>빅데이터...
https://kr.indeed.com/viewjob?jk=cae2de07045cfb2b,"Java, Python 영상툴 개발자",서울 마곡동,,원하면 가능) 담당업무 - 영상 라벨링 Tool 개발 - Tool 정확성 개선 자격요건 - Java - Python 우대사항 - 관련 개발 경력 - 툴개발 경력 근무조건 - 월~금 AM9:30 ~ PM18:30 복지...
https://kr.indeed.com/viewjob?jk=4f762f135a8876f9,IDT 경력직 (AI / IoT솔루션 개발),서울 종로구,,Java / python 인터넷·IT·통신·모바일·게임>빅데이터·AI(인공지능)>인공지능(AI)|인터넷·IT·통신·모바일·게임>응용프로그래머>JAVA|인터넷·IT·통신·모바일·게임>응용프로그래머> Python|인터넷·IT·통신...
https://kr.indeed.com/viewjob?jk=049e047740085644,분당 kt 전산 프로그램 개발/운영 인력,성남 분당구,,수 있습니다. 인터넷·IT·통신·모바일·게임>웹프로그래머>JAVA|인터넷·IT·통신·모바일·게임>웹프로그래머> Python|인터넷·IT·통신·모바일·게임>웹프로그래머>JSP|인터넷·IT·통신·모바일·게임>데이터베이스·DBA...
https://kr.indeed.com/viewjob?jk=84fd9f9deb6105b0,"웹개발, Python 외 신입/경력 계약직",서울 강서구,,"주식회사 쿠바로엠앤씨 웹개발, Python 외 신입/경력 계약직 채용 모집... 게임>웹프로그래머>웹개발|인터넷·IT·통신·모바일·게임>웹프로그래머> Python|인터넷·IT·통신·모바일·게임>웹프로그래머>백엔드|인터넷·IT·통신..."
https://kr.indeed.com/viewjob?jk=9401b2251790d864,[웹젠] DBA(신입),성남 분당구,,로운 기술과 도전을 좋아하는 분 - Data에 대한 관심이 높은 분 - Python 프로그램 경험이 있는 분 • 기타 - 수시채용은 공고 게시 중에도... 에 대한 관심이 높은 분 - Python 프로그램 경험이 있는 분 • 기타...
https://kr.indeed.com/viewjob?jk=ebd9b7e972f551fc,서버 개발자 Python(Django) Developer (신입/경력),서울 마포구,,유관직무 경력자 서버 개발자 Python(Django) Developer... 있습니다.■ 자격 요건 인터넷·IT·통신·모바일·게임>웹프로그래머> Python|인터넷·IT·통신·모바일·게임>웹프로그래머>웹개발|인터넷·IT·통신...
https://kr.indeed.com/viewjob?jk=89f3e10d77a126bf,Field Service Engineer Korea,경기도 용인,,"troubleshooting. Preferably to have coding capability (Matlab, Python...etc... data analysis, visualization, and algorithm..."
https://kr.indeed.com/viewjob?jk=5500c694e2e58dc6,Data Center Operations Engineer,서울,,"vendors · Scripting skills - Bash, Python, Perl, etc. · Project coordination... 스크립팅 기술 - Bash, Python, Perl 등 보유자 · 프로젝트..."
https://kr.indeed.com/viewjob?jk=be95b5718905880f,AI/빅데이터/클라우드 분야 (인재 Pool),서울,,"의미한 인사이트 발굴 - R, Python, SQL 등 Statistics... 등)의 다양한 솔루션을 활용하여 서비스 개발 경험자 2) Java, Python 등 프로그래밍 개발 경험 보유자 3) Container 기반 서비스..."
https://kr.indeed.com/viewjob?jk=c5a2d1029018e4ba,Expat: Experimental Physicist Tuning and Monitoring,경기도 화성,,Experience in using office programs and Unix (Linux) Python and Jira experience is preferred. Deliberate and organized work...
https://kr.indeed.com/viewjob?jk=f54bac6c78fd3240,코딩에 빠진 수퍼 개발자 (펌웨어 개발),성남 수정구,,"학력무관직무기술: 펌웨어(Firmware), Embedded System S/W 개발(판교) c/c++, Python 3 명 근무조건 고용형태: 정규직근무부서: 개발팀급여조건: 연봉 협의 후 결정 전형단계 및 제출서류 전형단..."
https://kr.indeed.com/viewjob?jk=da5ecac5babd7673,[콴텍투자자문]전략개발팀 퀀트전략개발 팀원,대한민국,,"및 주요업무 - Python 개발, Quant 전략개발팀 0명 - 금융데이터 분석 및 금융 상품 알고리즘 개발 - 통계분석기법을 활용한 빅데이터(경제지표/재무/가격데이터 등) 분석 ② 필수조건 - Python 프로그래밍 언어..."
https://kr.indeed.com/viewjob?jk=78e99625e5de3c95,전문연구요원 (병역특례) 수시 (AI / HW 분야),성남 분당구,"연봉 40,000,000원 - 100,000,000원","모델의 RTL IP 설계 및 IP 검증 가능자 - Language: Python/Perl, C/C++ [우대 조건] - ARM based SoC 설계... Linux, shell, tcl, python, perl 사용 원활..."
https://kr.indeed.com/viewjob?jk=51d1df9a3cfbe418,(주)엘솔루 R&D본부 ASR팀 개발직,서울,,"제공 [필수사항] ㆍ프로그래밍에 재능 및 열정이 있는 자 ㆍJava, Python 중 하나 이상의 언어사용자 ㆍWeb 개발능력 ㆍ리눅스 사용 경험자... 머신러닝(ML)|인터넷·IT·통신·모바일·게임>응용프로그래머> Python"
https://kr.indeed.com/viewjob?jk=2b928691ab5ca62e,피망 포커/섯다 사업 PM (무관),대한민국,,"게임 산업 내 사업기획 및 운영 경험이 있는 분 - 신규 게임 사업 기획이나 오픈 경험이 있는 분 - Python, SQL 등을 통한 데이터 분석 경험이 있는 분 - 비즈니스 수준의 외국어가 가능한 분 모집기간 채용..."
https://kr.indeed.com/viewjob?jk=d148b0fe6cb5bdca,[TmaxEdu R&D] Edu(교육) 연구 개발자 신입 및 경력,성남 분당구,,"CSS, JavaScript, TypeScript [Server 개발(사용 언어)] - Java, Python, SQL [Framework(사용 언어)] - React.js, Spring 우대사항 - AI 관련 전공 석사..."
https://kr.indeed.com/viewjob?jk=e75121d8930a8604,Quant Trader(코딩 역량 우수자),서울,,리할 수 있는 사람자신 또는 타인의 생각을 긍정적인 방향으로 항상 의심하고 개선할 수 있는 사람아이디어나 논리를 수치적으로 검증하는 능력과 습관이 있는 사람 인터넷·IT·통신·모바일·게임>빅데이터·AI(인공지능)> Python
https://kr.indeed.com/viewjob?jk=e7c8c2b11f24fb43,Software Engineer,서울,,"languages, including... limited to: C++, Java, C and Python. Excellent written and verbal communication skills. About..."
https://kr.indeed.com/viewjob?jk=513c6bc4deaf2ecb,운용본부 신입사원,대한민국,,"등 계량 분석에 관한 학업을 수행한 자 · 영어, MS Office 등에 능통한 자 · 프로그래밍 가능자 ( Python, VBA 등) 2. 전형방법 - 1차 서류전형 - 2차 면접전형 (서류심사 합격자에 한해 면접일정 개별..."
https://kr.indeed.com/viewjob?jk=a4015a0d112e9569,프론트엔드 정규직,서울 강남구,,"프론트 엔드 구현 - DB 구축 - 신규 기능 개발 및 반영, 지속적인 개선 및 유지 보수 자격 조건 - Python, Django - RDBMS 경험 - UI개발 경험 우대 사항 - 딥러닝에 관심있으신 분 - 단위 테스트..."
https://kr.indeed.com/viewjob?jk=aa668970a94e70ac,산업기능요원(보충역 신규편입/전직),서울 강남구,,Jr. Front-end Engineer (Javascript) Jr. Back-end Engineer ( Python) Mobile App Engineer (React Native/React) DevOps Engineer...
https://kr.indeed.com/viewjob?jk=07365317f092b035,소프트웨어 신입/경력 정규직,성남 분당구,,출근이 가능하신 분[우대사항]우대사항: ㆍ인근거주자 ㆍ경력 기간 : 2년이상 또는 자격요건에 준하는 자 ㆍ python 코딩에 능숙하신 분 ㆍ스타트업 업계에 관심이 많고 스타트업 기업 문화 만드는 것에 관심이 있으신 분 ㆍ새로...
https://kr.indeed.com/viewjob?jk=8196e4b257c99ea3,Software Engineers (Embedded Avionics systems - Software Ver...,서울,,"support. Experience software verification in C++ or C or python or code coverage (LDRA) Demonstrated creative, critical..."
https://kr.indeed.com/viewjob?jk=8a48c202f69d2877,Front-end 웹/앱 개발자 (병역특례 가능),서울 마포구,,"하여 Python기반의 Window App 개발 경험 보유 [담당업무] - Android, React(web) 기반의 UI위주의 구현 - Python... 통신·모바일·게임>응용프로그래머> Python|인터넷·IT·통신·모바일·게임..."
https://kr.indeed.com/viewjob?jk=dbfb048b82f2a83b,"Application Support, Cash Equity & Derivatives, Associate",서울,,across teams Solid knowledge of Unix/Linux/FIX/SQL/ Python/Scripting languages... development experience... plus...
https://kr.indeed.com/viewjob?jk=733b814969bff5a7,Jr. Back-end Engineer (Python),서울 강남구,,"이런 분을 찾아요 2년 이상의 Python을 활용한 백엔드 개발 업무를 수행한 경험이 있으신 분 Django, Django Rest Framework, Flask 등의 Python web framework를 사용하여..."
https://kr.indeed.com/viewjob?jk=44a78c0c83de015a,"소프트웨어, 컴퓨터비전 매니저 신입/경력 정규직",성남 분당구,,"ㆍ Python 언어 숙련자 ㆍPytorch, Tensorflow 등의 딥러... ㆍ이슈 대응 및 관리 [자격요건]ㆍ 학력사항: 대학교(4년)졸업 이상ㆍ Python 언어 숙련자ㆍPytorch, Tensorflow 등의 딥러닝 이브러..."
https://kr.indeed.com/viewjob?jk=65d17e4704beb445,네트워크 보안 담당자 채용,서울 중학동,,"정보보안기사 등 관련 자격증을 보유하신 분 - 포렌식 업무 경험 또는 관련 자격증을 보유하신 분 - Java, Python 등 프로그래밍 언어가 능숙하신 분 근무조건 [근무조건] - 근무형태 : 정규직 - 모집인원 : 명..."
https://kr.indeed.com/viewjob?jk=bfe0f5ac4f32ec89,추천 통계분석/데이터사이언티스트,성남 판교역,,"통계, 수학 관련 분야의 석사 또는 박사 학위 소지자 숙련된 데이터분석 능력 데이터 사이언스를 위한 언어( Python/R) 를 하나 이상 능숙하게 다룰 수 있으신 분 분석 결과를 설득력있게 전달할 수 있는 분 우대사항..."
https://kr.indeed.com/viewjob?jk=22f5968c1c62b3b0,AI(딥러닝)개발 경력,서울 성동구,,"프로그래밍을 하고 싶은 자(개발 경력 2년 이상)- 직급/직책 : 면접 후 결정- 개발환경 : linux, python, tensorflow, keras, raspberypi 등5. 우대사항- 전기/전자공학, 컴퓨터/시스템공..."
https://kr.indeed.com/viewjob?jk=6f4889537af98046,데이터 사이언티스트 및 엔지니어,성남 판교역,,"스트, 결과 해석 등) - 머신 러닝 및 데이터 분석 관련 언어(R, Python, SQL 등)의 능숙한 활용 - 통계, 머신 러닝 등 관련 분야... 관련 언어, 라이브러리(R, Python, SQL, tensorflow 등..."
https://kr.indeed.com/viewjob?jk=b574f1454ae36aab,Cross Border Ecommerce - Business Intelligence (Based in Seo...,서울,,business analyst related roles Proficient in SQL and Python Strong analytical skill and sensitivity to data Strong oral...
https://kr.indeed.com/viewjob?jk=55dc8813cdc0ee34,Consultant_App Innovation,서울,,"PowerShell, Python or other scripting... languages (e.g., C#, JavaScript, PHP, Python) Application Lifecycle Management (e.g..."
https://kr.indeed.com/viewjob?jk=5b2574aec8e1d083,딥러닝 개발자 정규직,서울 강남구,,"라우드 기반 인프라 활용 - 데이터 수집, 전처리, 통합 자격 조건 - 데이터, 딥러닝 분야에 대한 이해 - Python 코딩능력 - 리눅스 사용 경험 우대 사항 - 영어 리딩 능력 - 의약분야 프로젝트 경험 - 플랫폼개발에..."
https://kr.indeed.com/viewjob?jk=ceb8243bc8ae3c35,[데이터 플랫폼]서비스 데이터 엔지니어(전문연구요원 가능),서울,,대용량 데이터 처리를 위한 인프라 스트럭처 개발 사내 데이터 분석 도구 개발 및 유지보수 이런 분을 찾습니다 Python 기반의 데이터 처리 경험이 있으신 분 Docker 환경에서 개발 경험이 있으신 분 AWS 클라우드 기반...
https://kr.indeed.com/viewjob?jk=d8f4225d477204a7,Associate Software Engineers (Embedded Avionics systems - So...,서울,,"support. Experience software verification in C++ or C or python or code coverage (LDRA) Demonstrated creative, critical..."
https://kr.indeed.com/viewjob?jk=34f22fafb415ec3c,Data Analyst,서울 영등포구,,"가지신 분 Business Intelligence 시스템 및 비즈니스 리포팅 툴의 활용 능력 프로그래밍 언어( Python/R, etc)를 활용하여 데이터 분석이 가능하신 분 더 나은 데이터 기반 서비스를 만들기 위해 동료들과..."
https://kr.indeed.com/viewjob?jk=07f8799f89fa6faf,인사전략실 경력사원 채용,서울,,"사항] HRIS 또는 HR Analytics Project 경험자 전사 차원의 인재 육성 업무 경험자 R, Python 등의 Data 분석 Tool 사용자 최고 경영진 대상 보고서 작성 경험 및 역량 보유 최신 HR 트렌드..."
https://kr.indeed.com/viewjob?jk=b96f47b94d8b88a4,Data Scientist 신입 채용,서울 역삼동,,"우순순위에 따른 다양한 모델 개발(ex: 수요예측, 추천/랭킹시스템, 가격최적화) 자격요건 • R/ Python 기반 로그성 데이터 분석과 모델 개발 경험이 있으신 분 • 통계학, 머신러닝 관련 내용을 이해하고 활용가능..."
https://kr.indeed.com/viewjob?jk=2b9e604e63e7e46d,[카카오커머스] 기술직군,성남 분당구,,"우대사항 - 전자금융 감독규정, PCIDSS에 대한 실무 경험이나 이해도가 높으신 분 - JAVA, Python, shell script 등 개발 역량을 갖추신 분 - 웹/앱 취약점 진단 및 모의해킹 역량을 갖추신..."
https://kr.indeed.com/viewjob?jk=f384026e8fdd4b35,솔루션(웹/서버/통신) 프로그램 개발,서울 중구,,인터넷·IT·통신·모바일·게임>웹프로그래머>백엔드|인터넷·IT·통신·모바일·게임>웹프로그래머>프론트엔드|인터넷·IT·통신·모바일·게임>웹프로그래머> Python|인터넷·IT·통신·모바일·게임>빅데이터·AI(인공지능)>음성인식
https://kr.indeed.com/viewjob?jk=d3d33eafc5f2c0ac,Data scientist 직무 경력직,서울특별시,,"설계 / 검증 - 관련 직무 경력 5년 이상 ㆍ역량 요건 - 데이터마이닝 및 분석 기술/SQ,L, R, Python 등 활용 능력 보유 - AI / ML 이해 및 관련 라이브러리 활용, 알고리즘 개발 역량 보유 - Big..."
https://kr.indeed.com/viewjob?jk=4721ceaf47437a8b,BI팀 채용,용인 기흥구,,"해석 1. 학력 : 석사이상 (2개월 이내 근무 가능자) 2. 생명정보학 전공자 3. 프로그래밍 가능자 ( Python, Perl, R 등) 4. Germline / Somatic / Cell-free DNA NGS 데이터를..."
https://kr.indeed.com/viewjob?jk=04d685fc70b67d4e,Linux/Python/PHP/MySQL/백엔드 정규직 경력,용인 보정동,,"보유 - DBMS(MySQL or MariaDB), scripting Language: bash, python, OOP 언어 중 가능자 - Back-End 서버를 개발해 보신 분 [우대사항] - Go(aka GoLang..."
https://kr.indeed.com/viewjob?jk=0e25160b5a1d095f,[유통 대기업] Business Analyst(비지니스분석가) 과차장급,서울,,"이터 컨설팅 또는 비즈니스 컨설팅 경력 5년 이상 보유 -SQL, R, Python 중 1개 이상의 분석 도구 활용 경험 보유 -비지니스에 대한 문제... 게임>빅데이터·AI(인공지능)> Python|인터넷·IT·통신·모바일·게임..."
https://kr.indeed.com/viewjob?jk=4022f49bc50ef230,인프라보안 엔지니어,성남 판교역,,"보안 설계/적용/운영 경험 - 정보통신망법, 개인정보보호법, 전자금융감독규정 등 컴플라이언스의 이해 - Python, Script Language 활용 능력 공통지원자격 - 병역필 혹은 면제로 해외여행에 결격 사유가..."
https://kr.indeed.com/viewjob?jk=fd17a3cfbebb5062,[(주) 넷사랑컴퓨터] 웹개발자 정규직,서울 광진구,,"익숙하신 분[우대사항]- PHP, RDBMS(Mysql,Oracle)- Python, Nodejs- 빅데이터 분석경험- 클라우드시스템 운영경험- 개발... 통신·모바일·게임>웹프로그래머> Python|인터넷·IT·통신·모바일·게임..."
https://kr.indeed.com/viewjob?jk=af19eebcb6a1731a,채권 및 대체투자평가 부문,대한민국,,"이상 소지자 - 상경계열(경영, 경제 등) 전공자 - 이공계열(금융공학,금융수학, 수학 등) 전공자 - Python, VBA, SQL 경력자 우대 (2) 대체투자평가부문 신입 및 경력직원 담당업무 : 비상장주식/전환증권..."
https://kr.indeed.com/viewjob?jk=031eec3794f09645,데이터 서비스/플랫폼 개발,성남 판교역,,"데이터 수집, 처리 및 지표 분석 경험 - 데이터 기반의 문제해결 역량 및 논리적 사고 - Java, Python, Scala 중 최소 1가지 언어를 이용한 데이터 분석 및 소프트웨어 개발 역량 - 통계분석, ML/AI..."
https://kr.indeed.com/viewjob?jk=b9053233e78ee15a,[연구개발 부문] 연구원 (MCU 계측제어설계/머신비전/이미지프로세싱),경기도 광명,"연봉 42,000,000원 - 46,000,000원","프로그래밍 가능자 우대S/W 설계 부문 : - OPEN CV, TENSORFLOW, YOLO, CUDA/ Python, C++, C WindowsGUL APL, MFC Lib 활용 가능자. 머신비전/ 영상처리 개발자* 전기..."
https://kr.indeed.com/viewjob?jk=35f0a25dee5f3312,딥러닝 알고리즘 및 응용 Engineer,성남 분당구,"연봉 40,000,000원 - 100,000,000원",모바일·게임>빅데이터·AI(인공지능)>인공지능(AI)|인터넷·IT·통신·모바일·게임>빅데이터·AI(인공지능)> Python|인터넷·IT·통신·모바일·게임>빅데이터·AI(인공지능)>머신러닝|인터넷·IT·통신·모바일·게임>빅데이터...
https://kr.indeed.com/viewjob?jk=dc74730c92ce5050,Data Scientist,서울 영등포구,,"기반 예측, 모델링 프로젝트 경험자 데이터 분석/모델링을 위한 언어 및 프레임워크 사용에 익숙하신 분 ( Python, R, SQL, Pandas, TensorFlow, Pytorch, Spark 등) 회사 내부 구성원들과..."
https://kr.indeed.com/viewjob?jk=abcbb3282b50f027,Korea - Enterprise Data & Analytics Engineering Manager,서울,,"engineers with Python, Spark and SQL... Apache NiFi) •Demonstrated competence in Python, Spark... SQL •Proven expertise..."
https://kr.indeed.com/viewjob?jk=ff27ef03ddc73690,Software Engineer,서울,,experience of deep learning frameworks Programming with Python or Shell script Experience in large-scale software projects...
https://kr.indeed.com/viewjob?jk=88a59364cd7a0fa1,Support Engineer-PaaS Dev,서울,,"Java, Node, Python, PHP and Ruby, .NET... Linux, NGNIX, Apache, Java, Node, Python, PHP and Ruby • Experience with customer..."
https://kr.indeed.com/viewjob?jk=3b7dbdf85a326a6d,국내 대기업 - AI 및 딥러닝 관련 경력자,서울,,"관련 전문 지식 있는 분 - Python 또는 Scala, JAVA 활용... 레임워크 활용 역량 좋은 분- 자연어처리 관련 전문 지식 있는 분- Python 또는 Scala, JAVA 활용 역량- 미디어/커머스/전자/IT 업계..."
https://kr.indeed.com/viewjob?jk=ec5c7ccd76639120,[외국계 스타트업 미소] Data Analyst,서울,,통신·모바일·게임>빅데이터·AI(인공지능)>데이터분석|인터넷·IT·통신·모바일·게임>빅데이터·AI(인공지능)> Python|인터넷·IT·통신·모바일·게임>데이터베이스·DBA>MySQL|인터넷·IT·통신·모바일·게임>데이터베이스...
https://kr.indeed.com/viewjob?jk=f4d63e0ad3c5502a,기판소재사업부 경력사원,경상북도 구미,,"Transformation) 업무 수행 - 사업부 공장자동화, 업무효율화 대응 - 프로그램 개발/운영( Python, Java, C/C++ 유경험자) - RPA(Robotic Process Automation) 유경험자..."
https://kr.indeed.com/viewjob?jk=054313ea80be8042,티맵모빌리티 데이터분석가 - 안심대리,서울특별시,,"등) 사용 능력 Data 측정과 분석을 위한 Data Tool 활용 능력 (Tableau, SQL, Python, R 등) 기타 근무지 : 대신파이낸스센터 영입 과정 서류 > 필기[인성검사/과제전형] > 면접[인터뷰..."
https://kr.indeed.com/viewjob?jk=3cd339cf8959f44d,생명정보학 부문 박사졸 선임연구원 정규직 정규직,서울 서대문구,"연봉 50,000,000원 - 60,000,000원","- Python or R 활용가능 -Linux terminal 능숙 -생물학... 생명정보학, 생물정보학-외국어: 영어 회화가능,독해가능,작문가능- Python or R 활용가능- Linux terminal 능숙- 생물학 기초 수강..."
https://kr.indeed.com/viewjob?jk=be6c1f03fa566f8e,추천 시스템 연구/개발,성남 판교역,,"분야 석사 또는 박사 학위 소지자 적어도 하나 이상의 능숙한 프로그래밍 언어가 있으신 분 우대사항 Python, C++, GPU 프로그래밍 숙련자 TensorFlow, PyTorch, implicit 등 머신러닝/추천..."
https://kr.indeed.com/viewjob?jk=c25feb431668b850,Teacher,서울•원격 근무,"시급 50,000원 - 120,000원","Cultures) Computer Science (Programming Languages--e.g., Python, C/C++, etc. ) Fine Arts (BFA/MFA Majors) Instructors..."
https://kr.indeed.com/viewjob?jk=9c2232285586b9ac,"(주)딥인스펙션 인공지능 기반 S/W개발자 (연구원,팀장)",서울 송파구,"연봉 25,000,000원 - 36,000,000원","통신공학- 인공지능 관련 개발 유경험자- 정부 R&D과제 수행 경험자- Python, C/C++,Java 사용가능자, 정보처리기사소유자, 개발방법론에... 용프로그래머>C#|인터넷·IT·통신·모바일·게임>응용프로그래머> Python"
https://kr.indeed.com/viewjob?jk=2f56d4b70c1df086,하반기 인턴직 모집,서울 을지로2가,,"지니어 (IT 인프라 관리/운영) 서버, 네트워크 Bash, Java, Python ① 학력 : 초대졸 이상 (2020년 2월 이후 졸업/졸업예정... JavaScript, VC++, Python) 한솔 PNS IT 부문..."
https://kr.indeed.com/viewjob?jk=56523d2ce6f8d860,NHN Cloud 인프라 서비스 개발,성남 판교역,,우대사항 - NHN Cloud에서 제공하는 다양한 인프라 서비스 개발 - C/C++ 또는 Java/ Python 개발 경력 5년 이상 - Linux 환경 개발자 - Openstack 개발 경험 - Container...
https://kr.indeed.com/viewjob?jk=0dce0c1ece788310,컴퓨터비전 개발자 경력 정규직,서울 성동구,,바일·게임>빅데이터·AI(인공지능)>인공지능(AI)|인터넷·IT·통신·모바일·게임>빅데이터·AI(인공지능)> Python|인터넷·IT·통신·모바일·게임>소프트웨어·하드웨어>소프트웨어|인터넷·IT·통신·모바일·게임>응용프로그래머>C·C++
https://kr.indeed.com/viewjob?jk=101eb7687693c13b,[Beluga] 음성 (TTS/STT) 딥러닝 엔지니어 (경력 무관),서울 강남구,,경험을 보유하신 분독창적인 기술 제시 및 문제 해결을 위한 프로그래밍 능력을 보유하신 분 (C/C++/ Python/shell 등)오픈소스 기반 딥 러닝 프레임워크 활용 능력을 보유하신 분 (PyTorch/TensorFlow...
https://kr.indeed.com/viewjob?jk=0b8954820c552c3b,Korea - Lead Data Analyst,서울,,"SQL •Basic experience with scripting languages... Shell, Python and source code control tools... GitHub •Experience..."
https://kr.indeed.com/viewjob?jk=397a412559c606fa,"Charging Operations Specialist, APAC Charging (English Speak...",서울,,"Data science experience including coding/scripting skills ( Python/Ruby/JS/Perl... plus. Collaborative, team oriented..."
https://kr.indeed.com/viewjob?jk=2f56d4b70c1df086,하반기 인턴직 모집,서울 을지로2가,,"지니어 (IT 인프라 관리/운영) 서버, 네트워크 Bash, Java, Python ① 학력 : 초대졸 이상 (2020년 2월 이후 졸업/졸업예정... JavaScript, VC++, Python) 한솔 PNS IT 부문..."
https://kr.indeed.com/viewjob?jk=40de6a4b81f8724f,[전문연구요원 신규편입/전직] 의료영상/음성인식/생체신호 연구원,서울 서초구,,인공지능)>텍스트마이닝|인터넷·IT·통신·모바일·게임>빅데이터·AI(인공지능)>인공지능(AI)|인터넷·IT·통신·모바일·게임>빅데이터·AI(인공지능)> Python|인터넷·IT·통신·모바일·게임>빅데이터·AI(인공지능)>딥러닝
https://kr.indeed.com/viewjob?jk=06d133676285b02e,침해사고 대응,성남 판교역,,"팩트 자동 수집 도구 개발 경험 - 아티팩트 분석 도구를 능숙하게 사용 가능하신 분 - C, Java, Python 등을 통한 업무 자동화 및 분석도구 개발 경험 - 기업 CERT 직무 수행 경험 - CVE 실무 경험..."
https://kr.indeed.com/viewjob?jk=ee64abe502f8ee94,[NAVER Cloud] 가상화 코어 기술 연구 및 개발 (SW),서울,,Cloud에 대한 높은 이해가 있으신 분 - DevOps & Ansible 경험을 보유하신 분 - Python 기반 프로젝트 경험을 보유하신 분 - DPDK/XDP/OVS-DPDK 개발 경험을 보유하신 분 - Raw...
https://kr.indeed.com/viewjob?jk=8af26b37623864c4,8퍼센트 개발자 (신입/경력),서울 종로구,,개발 금융 데이터 분석과 분석 플랫폼 운영 자격요건 컴퓨터 전공자 또는 웹 개발 경력 1년 이상 우대사항 Python 코드를 무리 없이 읽으실 수 있는 분 Linux/Mac 사용 가능한 분 새로운 기술에 대한 호기심을 가지신...
https://kr.indeed.com/viewjob?jk=30e17a7d8ce9d4d4,Software Engineer,서울,,"writing optimal code... least one stack (Java, Go, Ruby, Python) Ability to work collaboratively and cross-functionally..."
https://kr.indeed.com/viewjob?jk=ceb8243bc8ae3c35,[데이터 플랫폼]서비스 데이터 엔지니어(전문연구요원 가능),서울,,대용량 데이터 처리를 위한 인프라 스트럭처 개발 사내 데이터 분석 도구 개발 및 유지보수 이런 분을 찾습니다 Python 기반의 데이터 처리 경험이 있으신 분 Docker 환경에서 개발 경험이 있으신 분 AWS 클라우드 기반...
https://kr.indeed.com/viewjob?jk=95fcfab87b9906bd,Job Posting Title Deep Learning Researcher,서울,,"network 등) Deep Learning 방법론에 대한 데모 프로그램 제작 및 제품화 코드 작성( Python / C++) 다양한 종류의 제조업 이미지 데이터에 대한 탐색, 분석 및 전처리 모듈 구현 최신 Deep..."
https://kr.indeed.com/viewjob?jk=ccd4f5407a32ba6a,Data Scientist,서울,,"analysis a plus, Programming... scripting exp.: eg. Python, C#, VBA, Java, Perl, etc. Experience in applied analytics..."
https://kr.indeed.com/viewjob?jk=dbfb048b82f2a83b,"Application Support, Cash Equity & Derivatives, Associate",서울,,across teams Solid knowledge of Unix/Linux/FIX/SQL/ Python/Scripting languages... development experience... plus...
https://kr.indeed.com/viewjob?jk=78e99625e5de3c95,전문연구요원 (병역특례) 수시 (AI / HW 분야),성남 분당구,"연봉 40,000,000원 - 100,000,000원","모델의 RTL IP 설계 및 IP 검증 가능자 - Language: Python/Perl, C/C++ [우대 조건] - ARM based SoC 설계... Linux, shell, tcl, python, perl 사용 원활..."
https://kr.indeed.com/viewjob?jk=4022f49bc50ef230,인프라보안 엔지니어,성남 판교역,,"보안 설계/적용/운영 경험 - 정보통신망법, 개인정보보호법, 전자금융감독규정 등 컴플라이언스의 이해 - Python, Script Language 활용 능력 공통지원자격 - 병역필 혹은 면제로 해외여행에 결격 사유가..."
https://kr.indeed.com/viewjob?jk=c4537b75074ce7b4,2021년 하반기 정보보안 엔지니어 - 취약점 파트,서울 금천구,,"10에 대한 설명과 구현/조치 가능 - 국내 컴플라이언스 대응 경험 (주요정보통신기반시설 가이드 등) - Python 활용자 - Kali 및 Metasploit 경험자- 군필자, 경력자, 관련 학과 졸업자 우대 * 자격요건과..."
https://kr.indeed.com/viewjob?jk=5c6fe384fabdbd45,서버 백 엔드 개발자,서울 마포구,,작성되어 있어 이를 PHP기반 Laravel프레임워크로리팩토링 중입니다. 새로운 서비스 개발에는 PHP와 Python등을 활용합니다. 담당업무 - 백엔드 서버 API개발 - Legacy 코드 유지보수 / 리팩토링 - 내부...
https://kr.indeed.com/viewjob?jk=f8691758f74c5242,Support Engineer- Developer,서울,,"developing with Chatbot, Linux, Apache, Java, Node, Python, PHP, or Ruby - Knowledge and experiences of cloud services (Azure..."
https://kr.indeed.com/viewjob?jk=4d671a584d28f92e,시니어 인프라 엔지니어,서울,,"키텍처 구성 경험이 있으신 분 Docker, ECS, K8S 등 컨테이너 기반의 서비스 운영 경험이 있으신 분 Python, Node.js, Typescript, GO 등 프로그래밍 경험이 있으신 분 추가 정보 우대 사항..."
https://kr.indeed.com/viewjob?jk=b500bd2a00c3c8ac,"정보보호 엔지니어(보안개발, 서버보안) 모집",성남 판교역,,"자동화 경험이 있으신 분이 유리합니다. 지원자격 (필수) 서버 개발경험이 있으신 분 [mongdb, python, docker, bash script] Linux 플랫폼에 대한 이해가 있으신 분 내부통제 관점의 기업보안..."
https://kr.indeed.com/viewjob?jk=add880a19f345249,"Customer Engineer, Machine Learning, Google Cloud Customers",서울,,"Caffe, as well as numerical programming frameworks... Python or MATLAB. Preferred qualifications: Master's degree..."
https://kr.indeed.com/viewjob?jk=805a042a5ac51bff,Anti-Piracy(콘텐츠 불법 유통 방지) 엔지니어,서울,,개발 3 년 이상 유경험자 - TCP/IP 등 네트워크에 대한 이해와 다양한 웹 크롤링 기술을 보유하였으며 Python 프로그래밍 숙련자 - 중규모 이상의 시스템 아키텍처 설계 가능자 • 우대사항 - FDS(Fraud...
https://kr.indeed.com/viewjob?jk=0ff2c43b1e2621a5,PharmCADD 2021년 상반기 R&D센터 연구원 공개,서울 강남구,,통신·모바일·게임>빅데이터·AI(인공지능)>딥러닝|인터넷·IT·통신·모바일·게임>빅데이터·AI(인공지능)> Python|인터넷·IT·통신·모바일·게임>빅데이터·AI(인공지능)>데이터분석|인터넷·IT·통신·모바일·게임>빅데이터...
https://kr.indeed.com/viewjob?jk=752a4b5d63eac97c,Sr. Back-end Engineer (Python),서울 강남구,,"관리합니다. 개발 언어 : Python 개발 환경 및 도구 : Django... 이상의 백엔드 개발 경험, 또는 이에 준하는 역량을 가지신 분 Python 및 Python web framework를 활용한 백엔드 개발에 거부감이..."
https://kr.indeed.com/viewjob?jk=b1c703e92e69b837,Cloud RAN 소프트웨어 개발자,서울,,understanding of Python / PERL or any... 활용에 익숙하신 분 창의적 문제 해결 능력과 트러블슈팅/디버깅 스킬 Python / PERL 혹은 타 스크립트 언어를 잘 이해하고 계신 분 근면성실하...
https://kr.indeed.com/viewjob?jk=0dce0c1ece788310,컴퓨터비전 개발자 경력 정규직,서울 성동구,,바일·게임>빅데이터·AI(인공지능)>인공지능(AI)|인터넷·IT·통신·모바일·게임>빅데이터·AI(인공지능)> Python|인터넷·IT·통신·모바일·게임>소프트웨어·하드웨어>소프트웨어|인터넷·IT·통신·모바일·게임>응용프로그래머>C·C++
https://kr.indeed.com/viewjob?jk=649ccf047c868778,"금융 데이터 분석 엔진, 로보어드바이저 개발자",서울 영등포구,,"시스템, 머신러닝, 자연어처리. 패턴분석 - 다음 언어에서 최소 한 가지 이상 능숙자: Java, C++, Python, JavaScript 우대사항 - 석사이상 컴퓨터공학 (Computer Science) 분야 또는..."
https://kr.indeed.com/viewjob?jk=35f0a25dee5f3312,딥러닝 알고리즘 및 응용 Engineer,성남 분당구,"연봉 40,000,000원 - 100,000,000원",모바일·게임>빅데이터·AI(인공지능)>인공지능(AI)|인터넷·IT·통신·모바일·게임>빅데이터·AI(인공지능)> Python|인터넷·IT·통신·모바일·게임>빅데이터·AI(인공지능)>머신러닝|인터넷·IT·통신·모바일·게임>빅데이터...
https://kr.indeed.com/viewjob?jk=ca82d4dc1dc447a6,[Mobile Analytics] Data Analyst (2년 이상),서울 강남구,,게임을 좋아하시는 분데이터분석 외 백엔드/프론트엔드 개발 경험하둡/스파크 환경에서 분석 실무 경험 3년 이상 Python 기반 머신러닝(딥러닝) 실무 경험 2년 이상 크래프톤의 도전에 함께 하기 위해 아래의 전형 과정이 필요합...
https://kr.indeed.com/viewjob?jk=cb3d3bf58ea0bf85,Linux/임베디드 기반 보안 솔루션 개발자,서울 성동구,,출서류에 허위사실이 있을 경우 채용이 취소될 수 있습니다. 인터넷·IT·통신·모바일·게임>웹프로그래머> Python|인터넷·IT·통신·모바일·게임>응용프로그래머>C·C++|인터넷·IT·통신·모바일·게임>응용프로그래머>Linux
https://kr.indeed.com/viewjob?jk=2b2dcd3ffe3d53df,카카오 데이터의 가치를 발굴할 데이터 분석가 모집,성남 판교역,,"기술 통계량 이해 및 해석) 데이터 분석 업무를 수행할 수 있는 언어 스킬 필수 SQL 필수 R 또는 Python을 다룰 수 있는 분 (SAS, SPSS, GA, tableau 등 통계 툴만 사용 가능한 경우 제외) 하둡..."
https://kr.indeed.com/viewjob?jk=b1df05a19043bcc0,Wind Resource Analyst Offshore (KR),서울,,"experience in programming languages (e.g. Matlab, Python... plus Agile mindset, analytical skills, creativity and problem..."
https://kr.indeed.com/viewjob?jk=a50fce6cc2cb57c9,자연어처리전문가 금융챗봇 만들어 갈 엔지니어,서울 충정로역,,리에 필요한 알고리즘을 개발하고 Python으로 구현 및 성능 검증을 진행... Description - 자연어 처리에 필요한 알고리즘을 개발하고 Python으로 구현 및 성능 검증을 진행 - 자연어 전처리 (형태소 분석...
https://kr.indeed.com/viewjob?jk=b9053233e78ee15a,[연구개발 부문] 연구원 (MCU 계측제어설계/머신비전/이미지프로세싱),경기도 광명,"연봉 42,000,000원 - 46,000,000원","프로그래밍 가능자 우대S/W 설계 부문 : - OPEN CV, TENSORFLOW, YOLO, CUDA/ Python, C++, C WindowsGUL APL, MFC Lib 활용 가능자. 머신비전/ 영상처리 개발자* 전기..."
https://kr.indeed.com/viewjob?jk=3d1690b2dd2249f8,"[K디지털 트레이닝] 전액 국비지원 IT취업연계 교육 빅데이터, 인공지능",서울 마포구,,개발전문과정 인터넷·IT·통신·모바일·게임>웹프로그래머>JAVA|인터넷·IT·통신·모바일·게임>웹프로그래머> Python|인터넷·IT·통신·모바일·게임>빅데이터·AI(인공지능)>빅데이터|인터넷·IT·통신·모바일·게임>빅데이터...
https://kr.indeed.com/viewjob?jk=513c82ed5c56051c,[경영진단실] Sr. Business Assessment Specialist (5년 이상),서울 강남구,,"CISSP 자격증 보유하고 내부감사에 관심이 있으신 분정보 보안 리스크 등에 대한 지식을 깊이 있게 보유한 분 Python, Powershell 등의 스크립팅 언어 사용/개발 능력이 있으신 분REST API에 대한 이해와 사용..."
https://kr.indeed.com/viewjob?jk=15ef2e84bd2ba0cd,Data Scientist,서울 여의도역,,"필수자격요건 - 통계학 및 기계학습에 대한 이해가 있는 분 - 데이터 분석 업무를 위한 프로그래밍 언어 Python 및 R, SQL 등 사용 가능한 분 - Hive, Impala, Spark 등 빅데이터 분석 플랫폼을 활용할..."
https://kr.indeed.com/viewjob?jk=bfe0f5ac4f32ec89,추천 통계분석/데이터사이언티스트,성남 판교역,,"통계, 수학 관련 분야의 석사 또는 박사 학위 소지자 숙련된 데이터분석 능력 데이터 사이언스를 위한 언어( Python/R) 를 하나 이상 능숙하게 다룰 수 있으신 분 분석 결과를 설득력있게 전달할 수 있는 분 우대사항..."
https://kr.indeed.com/viewjob?jk=5dd25746d945e947,빅데이터분석 담당자 in 자원순환 모바일 앱 스타트업,서울 성동구,,AI(인공지능)>빅데이터|인터넷·IT·통신·모바일·게임>빅데이터·AI(인공지능)>데이터분석|인터넷·IT·통신·모바일·게임>빅데이터·AI(인공지능)> Python|인터넷·IT·통신·모바일·게임>빅데이터·AI(인공지능)>자연어처리
https://kr.indeed.com/viewjob?jk=da580add74667bd6,Data Scientist,서울 강남구,,"신러닝을 활용한 데이터 분석, 모델링, 알고리즘 개선 등의 업무를 경험하셨거나 이에 준하는 역량을 갖추신 분( Python, SQL) 실제 서비스에서 발생하는 다양한 문제를 데이터 분석, 또는 머신러닝 알고리즘을 통해 해결한..."
https://kr.indeed.com/viewjob?jk=447e5726f229a2b7,"Cloud Technical Solutions Engineer, Networking, Google Cloud",서울,,"reading or debugging code (e.g., Java, C, C++, .NET, Python, Shell, Perl, JavaScript). Experience advocating for customer..."
https://kr.indeed.com/viewjob?jk=6f4889537af98046,데이터 사이언티스트 및 엔지니어,성남 판교역,,"스트, 결과 해석 등) - 머신 러닝 및 데이터 분석 관련 언어(R, Python, SQL 등)의 능숙한 활용 - 통계, 머신 러닝 등 관련 분야... 관련 언어, 라이브러리(R, Python, SQL, tensorflow 등..."
https://kr.indeed.com/viewjob?jk=5a1ecda4b0f3d01a,ADAS Vision System SW개발 경력인재 [자동차부품 우량대기업],서울,,C·C++|인터넷·IT·통신·모바일·게임>응용프로그래머>Linux|인터넷·IT·통신·모바일·게임>응용프로그래머> Python|인터넷·IT·통신·모바일·게임>통신·모바일>커넥티드카 개발자|인터넷·IT·통신·모바일·게임>소프트웨어...
https://kr.indeed.com/viewjob?jk=bf0d357cec112758,[입사축하금100만원] 데이터사이언티스트 / HW / BSP 개발 경력,서울 금천구,,"이해와 통계적 지식 보유자ㆍ머신러닝 등 최신 알고리즘을 활용한 실제 비즈니스 문제 해결 경험 보유자ㆍSQL, Python, R 등 통계/분석 프로그램 능숙자우대사항ㆍ관련 학과 전공자(통계학, 전산학, 컴퓨터공학 등)ㆍ석,박사..."
https://kr.indeed.com/viewjob?jk=ef83fe4e6441cae1,Data Scientist (IBM Client Engineering),서울,,"derive meaningful data insights (e.g., Python, R, Spark, TensorFlow, Jupyter, etc... language... Python or R Preferred..."
https://kr.indeed.com/viewjob?jk=1d0e51e2e431995b,[농심ENG] 신입/경력사원 정기채용,서울 신대방동,,"프로세싱 알고리즘 개발 경험자 - Open CV, Halcon, Python 사용자 - Vision SW 개발 경험자 - Deep Learning... Open CV, Halcon, Python 사용자 - Vision SW..."
https://kr.indeed.com/viewjob?jk=0d10d8993d3cdfa9,HW/SW 분야 직무 교육 전문강사,서울 강남구,,통신·모바일·게임>응용프로그래머>인공지능(AI)|인터넷·IT·통신·모바일·게임>빅데이터·AI(인공지능)> Python|인터넷·IT·통신·모바일·게임>빅데이터·AI(인공지능)>빅데이터|인터넷·IT·통신·모바일·게임>빅데이터·AI...
https://kr.indeed.com/viewjob?jk=5b2574aec8e1d083,딥러닝 개발자 정규직,서울 강남구,,"라우드 기반 인프라 활용 - 데이터 수집, 전처리, 통합 자격 조건 - 데이터, 딥러닝 분야에 대한 이해 - Python 코딩능력 - 리눅스 사용 경험 우대 사항 - 영어 리딩 능력 - 의약분야 프로젝트 경험 - 플랫폼개발에..."
https://kr.indeed.com/viewjob?jk=a4015a0d112e9569,프론트엔드 정규직,서울 강남구,,"프론트 엔드 구현 - DB 구축 - 신규 기능 개발 및 반영, 지속적인 개선 및 유지 보수 자격 조건 - Python, Django - RDBMS 경험 - UI개발 경험 우대 사항 - 딥러닝에 관심있으신 분 - 단위 테스트..."
https://kr.indeed.com/viewjob?jk=ce7849f8b35e1c3e,Technical Enablement Manager,서울,,"Kubernetes or Rancher etc.. Scripting languages like Python, Javascript, Ruby, Perl, Go, PHP, or Chef/Puppet etc.. Why You..."
https://kr.indeed.com/viewjob?jk=af19eebcb6a1731a,채권 및 대체투자평가 부문,대한민국,,"이상 소지자 - 상경계열(경영, 경제 등) 전공자 - 이공계열(금융공학,금융수학, 수학 등) 전공자 - Python, VBA, SQL 경력자 우대 (2) 대체투자평가부문 신입 및 경력직원 담당업무 : 비상장주식/전환증권..."
https://kr.indeed.com/viewjob?jk=0b8954820c552c3b,Korea - Lead Data Analyst,서울,,"SQL •Basic experience with scripting languages... Shell, Python and source code control tools... GitHub •Experience..."
https://kr.indeed.com/viewjob?jk=9adbc290202846e1,[아이브릭스] 기업부설연구소 전문연구요원,성남 분당구,,모바일·게임>응용프로그래머>JAVA|인터넷·IT·통신·모바일·게임>응용프로그래머>자바스크립트|인터넷·IT·통신·모바일·게임>빅데이터·AI(인공지능)>머신러닝|인터넷·IT·통신·모바일·게임>빅데이터·AI(인공지능)> Python
https://kr.indeed.com/viewjob?jk=28b343c3943a7dca,"웹개발, 백엔드 외 경력 정규직",서울 성동구,"연봉 35,000,000원 - 40,000,000원","요건]경력사항: 경력(1년 이상 3년 이하)학력사항: 학력무관직무기술: Python, django 1 명 근무조건 고용형태: 정규직근무부서: 개발팀급... 로그래머>프론트엔드|인터넷·IT·통신·모바일·게임>웹프로그래머> Python"
https://kr.indeed.com/viewjob?jk=a3a65a4d59061430,위시켓과 함께할 서버개발자님,서울 강남구,,"를 활용한 정적 페이지 연계 - Docker, Jenkins 등을 활용한 CI/CD 개선 자격조건 - Python 기반의 프레임워크를 이용한 웹서비스 구축 또는 운영 경험 - Django 기반의 웹 서비스 구축 또는 운영..."
https://kr.indeed.com/viewjob?jk=dd4d8e59a4a9265d,Data Specialist (Scientist&&Engineer),서울 마포구,,"Tensorflow, Keras, Pytorch, Theano 등)를 하나 이상 사용할 수 있는 분 • R, Python, Scala, SQL 등을 이용한 데이터 분석 및 프로그램 개발 능력이 있는 분 • 데이터 분석 기법..."
https://kr.indeed.com/viewjob?jk=be6c1f03fa566f8e,추천 시스템 연구/개발,성남 판교역,,"분야 석사 또는 박사 학위 소지자 적어도 하나 이상의 능숙한 프로그래밍 언어가 있으신 분 우대사항 Python, C++, GPU 프로그래밍 숙련자 TensorFlow, PyTorch, implicit 등 머신러닝/추천..."
https://kr.indeed.com/viewjob?jk=b574f1454ae36aab,Cross Border Ecommerce - Business Intelligence (Based in Seo...,서울,,business analyst related roles Proficient in SQL and Python Strong analytical skill and sensitivity to data Strong oral...
https://kr.indeed.com/viewjob?jk=4eff6a88fdd7bb0b,데이터 분석가,서울 강남구,,"석을 통해 방향성을 주도적으로 제시할 수 있는 분 우대 사항 1가지 이상의 프로그래밍 언어를 구사하시는 분 Python, R 등의 프로그래밍 언어를 1개 이상 능숙하게 사용 가능하신 분이면 좋습니다. Tableau 사용에..."
https://kr.indeed.com/viewjob?jk=fe3ff8f651d902aa,[TmaxAI/R&D] AI 로보어드바이저 개발자,성남 분당구,,"기졸업자 또는 22년 2월 졸업 예정자 -금융공학을 포함한 금융 관련 분야 전공자 혹은 유관 능력 보유자 - Python, numpy, pandas 사용 경험 우대사항 -컴퓨터 및 전산관련 전공 -금융권 경력 3년 이상이거나..."
https://kr.indeed.com/viewjob?jk=a692f83229bd339f,Datacenter Engineer,서울,,"Base Operating System Install • Some experience with Perl, Python, Bash or Java • Core OS Services: ssh, telnet, ftp, nfs..."
https://kr.indeed.com/viewjob?jk=44c10b6ee53ba13a,정보보안팀 정보보호 담당자 채용 (경력),서울 강남구,,"및 로그 분석 시스템 툴 개발/운영 -7년 ~ 9년 정보보호 및 보안 시스템 운영 업무 경험이 있는 분 - Python, Shell, Java등 언어 사용 능력을 보유하여 보안업무를 진행한 경험이 있는 분 -상용 솔루션 및..."
https://kr.indeed.com/viewjob?jk=07375dc4e800dfa9,추천 시스템 소프트웨어 엔지니어,성남 판교역,,"관련 업무 경험자 우대사항 운영체제, 네트워크, 컴파일러, 데이터베이스에 대한 이해가 깊으신 분 Python, C++, GPU 프로그래밍 숙련자 대용량/실시간 서비스 개발/운영 경험이 많으신 분 ICPC/TopCoder..."
https://kr.indeed.com/viewjob?jk=95946773d4816f0d,"머신러닝, 데이터분석 외 경력 정규직",서울 강남구,,"혹은 그에 상응하는 실무 경력 - Python 기반의 머신러닝 프레임워크... SQLAlchemy, OpenCV, pytest -Language: Python, SQL -Github, Yona, Git 0 명 근무조건 고용형태..."
https://kr.indeed.com/viewjob?jk=ffd9cedb23e97344,파이썬SW 금융분야 특화 챗봇 개발 함께 할 엔지니어,서울 충정로역,,"처리 과정을 Python language로 구현 - Big data 처리를 위한 SW 개발 - Backend SW 구현, Messenger interface, DBMS I/F 구현 Requirement - Python..."
https://kr.indeed.com/viewjob?jk=c5685a32445180f3,[커머스&서비스 플랫폼] 백엔드 엔지니어 (전문연구요원 가능),서울,,"이런 분을 찾습니다 컨테이너 기반 환경의 서비스 구축 경험이 있으신 분 Flask, FastApi 등 Python 기반 웹어플리케이션 서버 개발 경험이 있으신 분 RDBMS 또는 Elasticsearch 등을 활용한 시스템..."
https://kr.indeed.com/viewjob?jk=0064deb5fa9cbce0,데이터 사이언티스트 모집,성남 판교역,,"양한 실험을 통해 알고리즘을 개선합니다. 지원자격 지원자격 하나 이상의 프로그래밍 언어에 익숙한 분( Python, Java, C/C++, Scala 등) 머신러닝/딥러닝 오픈소스를 이용하여 1년 이상 특정 서비스에 모델..."
https://kr.indeed.com/viewjob?jk=b06baec9900b3468,Information Software Technology Consultant,서울,,"experience in Java, C#, C++ JavaScript Web Components Python or equivalent Knowledge... following... preferred..."
https://kr.indeed.com/viewjob?jk=20abdd225641e77a,"Software QA Infotainment Test Engineer, Bundang, Gyeonggi, K...",경기도 성남,,"one or more scripting languages... Perl, Ruby, Python, or Bash Passionate about troubleshooting failures to determine..."
https://kr.indeed.com/viewjob?jk=b7a101fa87b0411b,"딥러닝 솔루션 개발 (이미지, 자연어, 시계열 데이터)",성남 분당구,,모바일·게임>빅데이터·AI(인공지능)>인공지능(AI)|인터넷·IT·통신·모바일·게임>빅데이터·AI(인공지능)> Python|인터넷·IT·통신·모바일·게임>빅데이터·AI(인공지능)>머신러닝|인터넷·IT·통신·모바일·게임>빅데이터...
https://kr.indeed.com/viewjob?jk=22ffe020e40de675,[포티투마루] 인공지능(AI) 개발자 전 부문,서울 서초구,,인터넷·IT·통신·모바일·게임>빅데이터·AI(인공지능)> Python|인터넷·IT·통신·모바일·게임>빅데이터·AI(인공지능)>머신러닝|인터넷·IT·통신·모바일·게임>빅데이터·AI(인공지능)>딥러닝|인터넷·IT·통신·모바일·게임...
https://kr.indeed.com/viewjob?jk=8d0bffb9de209f0e,bigdata hadoop spark 개발자,경기도 의왕,,"상호연동 기술. 6. 시각화 솔루션(Qlicksense) 연동 지식. 스팟파이어 7. 타 언어(Scala, Python) 근무 형태: 정규직, 계약직 코로나19 관련 안내: 모든직원 마스크, 전체지역 방역등 원격 근무..."
https://kr.indeed.com/viewjob?jk=7fe0c284fbf4045f,CRM 및 마케팅 데이터분석 담당자 - 국내 대기업 계열사,서울,,"역량 (SQL 및 SAS, R, Python 등) - 통계 지식 보유 및... 경력자- 대용량 데이터 분석 툴 활용 역량 (SQL 및 SAS, R, Python 등)- 통계 지식 보유 및 데이터 모델링 가능자 우대- CRM 업무..."
https://kr.indeed.com/viewjob?jk=51d1df9a3cfbe418,(주)엘솔루 R&D본부 ASR팀 개발직,서울,,"제공 [필수사항] ㆍ프로그래밍에 재능 및 열정이 있는 자 ㆍJava, Python 중 하나 이상의 언어사용자 ㆍWeb 개발능력 ㆍ리눅스 사용 경험자... 머신러닝(ML)|인터넷·IT·통신·모바일·게임>응용프로그래머> Python"
https://kr.indeed.com/viewjob?jk=287f5f422c269849,Market Research 담당자 채용,서울 중학동,,"숙한 대내외 커뮤니케이션이 가능한 분 [우대사항] - 통계분석 및 프로그래밍 언어 역량을 보유하신 분(R, python, Data studio, SPSS, Tableau, etc) - SQL 쿼리사용 가능하신 분 - 영어로..."
https://kr.indeed.com/viewjob?jk=f54bac6c78fd3240,코딩에 빠진 수퍼 개발자 (펌웨어 개발),성남 수정구,,"학력무관직무기술: 펌웨어(Firmware), Embedded System S/W 개발(판교) c/c++, Python 3 명 근무조건 고용형태: 정규직근무부서: 개발팀급여조건: 연봉 협의 후 결정 전형단계 및 제출서류 전형단..."
https://kr.indeed.com/viewjob?jk=1c4f1c0b625f5abd,데이터 사이언티스트 직군 모집,서울 구로구,,"요건 - 관련 분야 경력 3년 이상 - 정형/비정형 데이터 분석 및 모델링 가능 - 통계 분석 도구 (R, Python, Tensorflow 등) 및 SQL 사용 가능 - 다양한 직군의 사람들과 원활한 커뮤니케이션 및 협업..."
https://kr.indeed.com/viewjob?jk=f862c821b0734933,[NAVER Cloud] Media 서비스 개발,서울,,"다양한 개발 경험 또는 Go, Python, C/C++등을 이용한 플랫폼... 가능하신 분 - Java, Kotlin, Golang, C, C++, Python, node.js, typescript 등으로 작성된 코드 및 프레임..."
https://kr.indeed.com/viewjob?jk=79fb95da6dff4025,하반기 신입(채용 연계형 인턴) 수시채용,서울 마곡동,,"Python, R, 기타 코딩 능력 보유자 또는 통계 분석에 대한 기초 지식 보유자 중 1개 해당자 우대사항 · 통계 분석에 대한 기초 지식 보유자 · 기초 프로그래밍 코딩 구현 능력 보유자 ( Python or R..."
https://kr.indeed.com/viewjob?jk=8a0f5a8857c12e2e,시스템엔지니어 신입/경력 정규직 [전문연구요원 지원 가능],용인 수지구,,"3. 위성 ETB 및 AIT, 우주환경시험 유경험자 4. C/C++/ Python 활용 가능자 5. 영어 가능자 6. 전문연구요원 지원 가능 (주)루미... 환경시험 유경험자4. C/C++/ Python 활용 가능자5. 영어 가능자6..."
https://kr.indeed.com/viewjob?jk=9411f32a856fe635,카드 업무자동화 개발 및 운영 경력사원 채용,서울 상암동,,"0명) [필수사항] ㅇ RPA 개발 및 운영 2년 이상 경험자 ㅇJava, Javascript, C#, Python 개발 경험 [우대사항] ㅇ 다양한 RPA 시스템 개발 및 구축 경험자 ㅇ금융권 여신업무 개발 및 운영 2..."
https://kr.indeed.com/viewjob?jk=8da3126d27626076,모빌리티 부문 경력,서울 강남구,,Python|인터넷·IT·통신·모바일·게임>웹프로그래머>JAVA|인터넷·IT·통신·모바일·게임>웹프로그래머>백엔드|인터넷·IT·통신·모바일·게임>웹프로그래머>프론트엔드|인터넷·IT·통신·모바일·게임>웹프로그래머> Python...
https://kr.indeed.com/viewjob?jk=28e8827913a5a90b,[서울게임아카데미] 게임개발분야 국기 교육생,서울 종로구,,통신·모바일·게임>웹프로그래머> Python|인터넷·IT·통신·모바일·게임... 로그래머>머신러닝(ML)|인터넷·IT·통신·모바일·게임>응용프로그래머> Python|인터넷·IT·통신·모바일·게임>응용프로그래머>증강현실(AR)|인터넷...
https://kr.indeed.com/viewjob?jk=109c5533ffdaaa84,[DB금융투자] 2021년 하반기 신입사원 모집,서울 대치동,,"개선, 신규 서비스 기획 등 프로젝트 진행 전공 제한없음 ※ JAVA, Objective-C/Swift, Python 등 기술보유자 우대... 금융관련 자격증 보유자 우대 ※ 영어 능통자 우대 0명 서울 (여의도..."
https://kr.indeed.com/viewjob?jk=dc74730c92ce5050,Data Scientist,서울 영등포구,,"기반 예측, 모델링 프로젝트 경험자 데이터 분석/모델링을 위한 언어 및 프레임워크 사용에 익숙하신 분 ( Python, R, SQL, Pandas, TensorFlow, Pytorch, Spark 등) 회사 내부 구성원들과..."
https://kr.indeed.com/viewjob?jk=d69b5a1e60c65ce6,데이터 마케팅 경력사원,서울 영등포구,,"능력 보유자 (SQL, R, Python, Scalar, Hadoop 등... 운영 경험자 - CRM 캠페인 기획/운영 경험자 - SQL, R, Python 등 통계 패키지 활용 자격증 보유자 모집기한: ~ 본 포지션 채용 시점..."
https://kr.indeed.com/viewjob?jk=c2c2b5fb87057ad2,(주)스누아이랩 AI연구소 신입/경력 정규직,서울 관악구,,인공지능)>인공지능(AI)|인터넷·IT·통신·모바일·게임>빅데이터·AI(인공지능)>머신러닝|인터넷·IT·통신·모바일·게임>빅데이터·AI(인공지능)>빅데이터|인터넷·IT·통신·모바일·게임>빅데이터·AI(인공지능)> Python
https://kr.indeed.com/viewjob?jk=a008aa2e9f1b1df0,챗봇 개발자,서울 마포구,"연봉 30,000,000원 - 35,000,000원","경력사항: 신입, 경력(연차무관)학력사항: 대학교(4년)졸업직무기술: Python, 자연어처리(NLP), 인공지능 챗봇, 인공지능 (AI), 인공지능... 게임>빅데이터·AI(인공지능)> Python|인터넷·IT·통신·모바일·게임..."
https://kr.indeed.com/viewjob?jk=d193999bb6d038d4,Analog Design Engineer,서울,,"Modeling of solutions using tools... Python, Matlab, Simulink, and Spectre AMS... tools... Python, Matlab, Simulink..."
https://kr.indeed.com/viewjob?jk=409c1253b2dde75b,동국대학교 데이터분석팀 연구원(계약직) 채용공고,서울 필동,,"자 4) 남자의 경우 병역필 또는 면제자 5) 한글, MS OFFICE 등 기본 문서작업 가능자 6) Python, R 프로그래밍 언어 사용 가능자 우대 2. 모집인원 : O명 3. 근무조건 및 계약기간 구 분..."
https://kr.indeed.com/viewjob?jk=5d809bda3182ab58,DevSecOps Engineer,서울 영등포구,,모바일·게임>웹프로그래머> Python|인터넷·IT·통신·모바일·게임>응용프로그래머> Python|인터넷·IT·통신·모바일·게임>응용프로그래머>Linux|인터넷·IT·통신·모바일·게임>빅데이터·AI(인공지능)> Python|인터넷...
https://kr.indeed.com/viewjob?jk=de5a27cec9f56027,[환경가전 대기업] DBA (전사 데이터베이스(DBMS) 운영 및 엔지니어링) (대리~과장급),서울 구로구,,"Postgresql 등) 운영 경험자 - 프로시져 및 쉘 스트립트, python 작성 능력 보유 - 미들웨어 운영 경험 보유(apache/tomcat... 프로시져 및 쉘 스트립트, python 작성 능력 보유 - 미들웨어 운영..."
https://kr.indeed.com/viewjob?jk=f0fa048255eee14e,"인공지능(AI), 머신러닝(ML) 외 경력 정규직",서울 영등포구,,모바일·게임>응용프로그래머>인공지능(AI)|인터넷·IT·통신·모바일·게임>응용프로그래머>머신러닝(ML)|인터넷·IT·통신·모바일·게임>응용프로그래머> Python|인터넷·IT·통신·모바일·게임>소프트웨어·하드웨어>소프트웨어
https://kr.indeed.com/viewjob?jk=8c8c96a3ffac77f8,데이터 엔지니어 경력 정규직,서울 중구,"연봉 60,000,000원 - 70,000,000원","Redshift, Snowflake 등) 설계, 개발, 운영 경험• Python/R/dbt, Kafka/Airflow 등을 사용하여 데이터 전처리를... 게임>빅데이터·AI(인공지능)> Python|인터넷·IT·통신·모바일·게임..."
https://kr.indeed.com/viewjob?jk=abe4af79acb6ec37,Data Engineer (Analytics),서울,,"있어야 합니다. - 현업의 복잡한 데이터를 정리하여 단순화, 자동화한 경험이 있어야 합니다. - SQL상급, Python중급 정도의 기술역량을 기대합니다. - 적극적이고 효율적인 커뮤니케이션이 가능해야 합니다. 이런 경험이..."
https://kr.indeed.com/viewjob?jk=04d685fc70b67d4e,Linux/Python/PHP/MySQL/백엔드 정규직 경력,용인 보정동,,"보유 - DBMS(MySQL or MariaDB), scripting Language: bash, python, OOP 언어 중 가능자 - Back-End 서버를 개발해 보신 분 [우대사항] - Go(aka GoLang..."
https://kr.indeed.com/viewjob?jk=9f0ce22eee4259bb,"교육 기획/운영, 시스템 기획",서울 성동구,"연봉 32,000,000원 - 36,000,000원","Science, Data Science, AI, Algorithm, Python 등... 데이터 분석, 인공지능, 프로그래밍 언어) 교육에 관심... AI, Algorithm, Python 등)• IT(데이터 분석, 인공지능..."
https://kr.indeed.com/viewjob?jk=c25feb431668b850,Teacher,서울•원격 근무,"시급 50,000원 - 120,000원","Cultures) Computer Science (Programming Languages--e.g., Python, C/C++, etc. ) Fine Arts (BFA/MFA Majors) Instructors..."
https://kr.indeed.com/viewjob?jk=ea2ab43c3a607fb1,Python 기반 빅데이터 처리 개발자,서울 서초구,,인터넷·IT·통신·모바일·게임>웹프로그래머> Python|인터넷·IT·통신·모바일·게임>응용프로그래머> Python|인터넷·IT·통신·모바일·게임>통신·모바일>플랫폼(VM)
https://kr.indeed.com/viewjob?jk=59582c9dff81a2b4,Measurement Engineer,서울,,"packages used... wind industry... IMC Famos, Python, WAsP, Matlab, Windfarmer, Windapp etc. Software developing..."
https://kr.indeed.com/viewjob?jk=42781bed59a9be95,연구개발본부 채용공고,서울 삼성동,,"이상 • 경력 : 5년 이상 [우대사항] • 양산제품 IoT Platform 개발 경험자 • Java, Python, Javascrip 등을 활용하여 back-end 개발 경험자 • 다양한 Socket 통신 프로토콜 개발..."
https://kr.indeed.com/viewjob?jk=ca442f30522f077e,[Tune CIC] VIBE 음악 추천 시스템 기획자 (경력),서울,,"systems) 및 관련 알고리즘에 대한 이해, 또는 관련 서비스 기획 경험이 있으신 분 - SQL, Python 등 데이터 수집과 분석 도구의 실무 사용 경험이 있으신 분 - 여러 직군의 부서와 원활히 협업할 수 있는 커뮤..."
https://kr.indeed.com/viewjob?jk=d39d5624bfcc6b01,인사분야 신입사원 모집,서울 역삼동,,"기획 • 전공무관 (상경계열 전공 우대) Trading • 전공무관 (상경/화공계열 전공 우대) • Python, VBA 등 코딩 능숙자 우대 재무(회계) • 전공무관 (재무관리/파생상품 관련 전공 우대) 구매..."
https://kr.indeed.com/viewjob?jk=d7527395199fd664,Consulting Engineer (Full Time) - Korea,서울,,"experience in Linux and programming languages like Python, Java , JavaScript etc. • Strong communication and collaboration..."
https://kr.indeed.com/viewjob?jk=2422efa837502f25,빅데이터팀(BI개발) 경력직 (서울 본사) - 11월지원,서울 구로구,,Data Mart 설계 및 개발. 인터넷·IT·통신·모바일·게임>빅데이터·AI(인공지능)>빅데이터|인터넷·IT·통신·모바일·게임>빅데이터·AI(인공지능)> Python|인터넷·IT·통신·모바일·게임>데이터베이스·DBA>SQL
https://kr.indeed.com/viewjob?jk=c57a42f379cca7be,기술연구소 웹 백엔드 엔지니어 신입/경력직,서울 송파구,,"력사항: 경력(연차무관)학력사항: 대학교(4년)졸업 이상직무기술: - Django, PostgreSQL, Python 등 활용 경험자- RDBMS 스키마 설계 및 개발 경험자- 대용량 트래픽을 위해 웹 아키덱처 설계 및 구현..."
https://kr.indeed.com/viewjob?jk=a25bc323bfe60187,로봇 회로 펌웨어 등 HW 및 SW 연구개발,서울 성동구,,"및 실 서비스 운용 경험자 (중/상급 이상) - ROS2, Gazebo 실무 사용 경험자 (C/C++, Python 중급 이상) - Go 언어, Docker, K8s Back-end개발 실무 경험자 - AWS, GCP 등..."
https://kr.indeed.com/viewjob?jk=6c70ee2fc3122925,[NAVER Cloud] MySQL 데이터베이스 엔지니어 (DBA),서울,,"이션 역량 - 새로운 기술이나 New Feature에 대한 높은 관심 - 기본적인 수준의 프로그래밍 (C, Python, Golang등) 능력 [ 우대사항] - 대규모/대용량 DB 운영환경을 경험하신 분 - 끊임없이 공부하..."
https://kr.indeed.com/viewjob?jk=89f3e10d77a126bf,Field Service Engineer Korea,경기도 용인,,"troubleshooting. Preferably to have coding capability (Matlab, Python...etc... data analysis, visualization, and algorithm..."
https://kr.indeed.com/viewjob?jk=049e047740085644,분당 kt 전산 프로그램 개발/운영 인력,성남 분당구,,수 있습니다. 인터넷·IT·통신·모바일·게임>웹프로그래머>JAVA|인터넷·IT·통신·모바일·게임>웹프로그래머> Python|인터넷·IT·통신·모바일·게임>웹프로그래머>JSP|인터넷·IT·통신·모바일·게임>데이터베이스·DBA...
https://kr.indeed.com/viewjob?jk=ffacf5c4b4ca412c,물류 수/배송 최적화 및 거점 네트워크 설계 전문가 (유명 대기업),서울,,"물류 관련 GIS 분석 및 구축 경험 (Skill/Qualification) - C, C++, Java, Python - Gurobi, Cplex Solver 경력사항: 해당 경력(3년 이상 ) 학력사항: 대학교(4년)졸업..."
https://kr.indeed.com/viewjob?jk=116009dbf59211ed,퍼즐데이터 역량있는 데이터 분석가,서울 역삼동,,"데이터 마이닝 및 통계분석에 대한 전반적인 이해 3. 관련분야(산업공학, 통계 등) 전공 4. R or Python 사용 능력 * 이런 분은 더욱 좋아요. 1. 프로세스 마이닝 지식 보유자 2. 관련분야 대학원 전공 3..."
https://kr.indeed.com/viewjob?jk=c5c6ebe82bf299da,[전액무료] IT취업 JAVA기반 프론트엔드&백엔드 개발 국비교육생,서울 종로구,,통신·모바일·게임>웹프로그래머> Python|인터넷·IT·통신·모바일·게임... 데이터분석|인터넷·IT·통신·모바일·게임>빅데이터·AI(인공지능)> Python|인터넷·IT·통신·모바일·게임>빅데이터·AI(인공지능)>머신러닝|인터넷...
https://kr.indeed.com/viewjob?jk=f8638f3b69d8623e,규제/리스크/회계 시스템 담당자,서울 중학동,,RDB(Oracle/MySQL 등) 쿼리 개발 경험을 보유하신 분 - SW 개발 능력을 보유하신 분(Java/ Python 등) 우대사항 - 은행 정보계 시스템(DW/규제/회계/리스크) 운영 경험을 보유하신 분 근무조건...
https://kr.indeed.com/viewjob?jk=3b0b25d7cdb97839,TikTok Content Strategy Manager,서울,,"skills in data analysis, being familiar with SQL, Python and other data processing tools is preferred. 3. Strong logical mind..."
https://kr.indeed.com/viewjob?jk=34f22fafb415ec3c,Data Analyst,서울 영등포구,,"가지신 분 Business Intelligence 시스템 및 비즈니스 리포팅 툴의 활용 능력 프로그래밍 언어( Python/R, etc)를 활용하여 데이터 분석이 가능하신 분 더 나은 데이터 기반 서비스를 만들기 위해 동료들과..."
https://kr.indeed.com/viewjob?jk=7cb5c3076d1701db,Senior Field Applications Engineer,서울,,"High level or detailed knowledge of SOC design. C/C++, python coding skills. Knowledge of music, audio/video production..."
https://kr.indeed.com/viewjob?jk=44a78c0c83de015a,"소프트웨어, 컴퓨터비전 매니저 신입/경력 정규직",성남 분당구,,"ㆍ Python 언어 숙련자 ㆍPytorch, Tensorflow 등의 딥러... ㆍ이슈 대응 및 관리 [자격요건]ㆍ 학력사항: 대학교(4년)졸업 이상ㆍ Python 언어 숙련자ㆍPytorch, Tensorflow 등의 딥러닝 이브러..."
https://kr.indeed.com/viewjob?jk=5b015b9613812d9d,Customer Data Analyst,서울,,"긴밀하게 협업하고 데이터 기반 확장 가능한 서비스 모듈 추가 및 성능 향상에 기여합니다. 필수 조건 Python (pandas, numpy), R, SQL... VBA 사용에 익숙함 물류 프로세스 분석 및 설계..."
https://kr.indeed.com/viewjob?jk=d6c05c588971df5a,백엔드 파운트 시스템 엔지니어 (현재 급여수준 이상 보장),서울 충정로역,,"경험 - Linux명령어 및shell스크립트 작성 능숙 우대사항 - Python, Java등을 이용한 프로그래밍 경험 네트워크및 서버에 대한 표준화... 립트 작성 능숙 우대사항 - Python, Java등을 이용한 프로그래..."
https://kr.indeed.com/viewjob?jk=1aa299b7e2ed3100,대기업 딥러닝 기반 영상처리 개발자 (판교),서울,"연봉 60,000,000원 - 70,000,000원","Pytorch- Python, C/C++, Docker C/C++/C#... 머신러닝|인터넷·IT·통신·모바일·게임>빅데이터·AI(인공지능)> Python|인터넷·IT·통신·모바일·게임>시스템프로그래머>임베디드(Embedded)"
https://kr.indeed.com/viewjob?jk=30fe637bb976c2ef,[웹젠] TA(Unreal Engine 4)(경력),성남 분당구,,"티스트를 위한 툴 제작 및 각종 기술 문서 작성 (Blueprint, python, maxscript) - 아트 컨텐츠 관련 이슈 해결 및 기술 지원... 문서 작성 (Blueprint, python, maxscript) - 아트..."
https://kr.indeed.com/viewjob?jk=df228c302c3c8f9b,서버개발자(벡앤드) 정규직,서울 강남구,"연봉 40,000,000원 - 50,000,000원",시스템 개발 [자격요건]• 경력사항: 경력(3년 이상 7년 이하)• 학력사항: 학력무관• 중상급 이상의 Python 또는 JavaScript 언어 활용 가능자• Django 또는 Node.js rest framework에...
https://kr.indeed.com/viewjob?jk=bec33b19427238a4,(주)작당모의 앱 개발자,서울 서초구,,"1. 백엔드 개발 1년이상, OOP/Function Language 개발 가능, AWS 개발 경험 등 2. Python Django 개발, Nodejs React 개발, MySQL 개발 경험 등 3. React Native..."
https://kr.indeed.com/viewjob?jk=bbbfbb33164df0e3,"Junior Software Engineer, Server Platform",서울,,"프라 위에 안정적이고 효율적인 서비스 설계 및 구축 핵심 자격요건 Python, Java, Kotlin, Go, C++ 등 서버 사이드 프로그래밍... Understanding of Python, Java, and Event..."
https://kr.indeed.com/viewjob?jk=cfdb66a24e99b6e3,Renewables Consultant - Electrical Engineering,서울,,"programming languages... PSS®E, PSCAD, PowerFactory Python, Matlab, etc; Experience with using MS Office suite packages..."
https://kr.indeed.com/viewjob?jk=da5ecac5babd7673,[콴텍투자자문]전략개발팀 퀀트전략개발 팀원,대한민국,,"및 주요업무 - Python 개발, Quant 전략개발팀 0명 - 금융데이터 분석 및 금융 상품 알고리즘 개발 - 통계분석기법을 활용한 빅데이터(경제지표/재무/가격데이터 등) 분석 ② 필수조건 - Python 프로그래밍 언어..."
https://kr.indeed.com/viewjob?jk=55e2f1523d6bd078,TOAST CAM AI 개발 담당자,성남 판교역,,"학사 또는 석사 학위 또는 그에 준하는 실무 경험자 (신입 지원 가능) - 임베디드 환경 개발 경험자 - Python, C++ 개발 경험자 - 임베디드 환경 개발 경험자 - Deep Learning, Computer..."
https://kr.indeed.com/viewjob?jk=7d6f873bc6e3b4f9,Technical Architect,서울,,"programming language... Java, Javascript, Node.js, Python. Hands-on experience in developing/consuming REST APIs..."
https://kr.indeed.com/viewjob?jk=75c348600e4ba140,국내 대기업 - 고객 데이터분석 포지션,서울,,"도출 경험자 - 데이터 분석 지식 및 분석 Tool((SQL, R, Python 등) 사용가능자 - 고객 Segmentation 및 타겟마케팅 실행... 게임>빅데이터·AI(인공지능)> Python|인터넷·IT·통신·모바일·게임..."
https://kr.indeed.com/viewjob?jk=4cd34228af5013fd,DGIST 2019년 제1차 계약직원 공개채용 공고,대구 현풍면,,"우수자(SPSS, R 등 통계패키지) 외국어(영어) 구사 능력 우수자 Programming(MATLAB, Python, C/C++ 등) 가능자 · 근무기간 : 2019.3.11.~2020.3.10. ※ 단, 재계약 평가에..."
https://kr.indeed.com/viewjob?jk=e28a6673c8eb777d,MLOps Engineer(경력),서울,,"분석 및 해결 능력이 뛰어나신 분 - 기술 습득이 빠르고 새로운 분야에 적응 할 수 있는 분 - Java, Python or C/C++등 하나 이상의 언어에 능숙하신 분 ​ • 우대사항 - 머신러닝 서빙 개발 경험이 있으신..."
https://kr.indeed.com/viewjob?jk=c25feb431668b850,Teacher,서울•원격 근무,"시급 50,000원 - 120,000원","Cultures) Computer Science (Programming Languages--e.g., Python, C/C++, etc. ) Fine Arts (BFA/MFA Majors) Instructors..."
https://kr.indeed.com/viewjob?jk=7fdcd7a7457b1e93,데이터 분석,경기도 성남,,"의 서비스 이용/소비형태/이상현상과 트렌드 변화가 궁금하신 분 - B2C서비스 데이터 분석 직군에서 데이터 핸들링 경험이 있으신 분 - SQL,Excel,R, Python 등을 이용하여 데이터 추출 또는 분석이 가능하신 분"
https://kr.indeed.com/viewjob?jk=1d07c293a0263317,NGS 유전체 빅데이터 사이언티스트 신입/경력 정규직,울산 울주군,,"인공지능 기반 연구수행 능력 - Python, R 프로그래밍 언어 - 연구... 지능기타: - NGS 유전체 빅데이터, 인공지능 기반 연구수행 능력- Python, R 프로그래밍 언어- 연구과제 기획서, 보고서 및 관련 논문 작성..."
https://kr.indeed.com/viewjob?jk=78526735d90a85b9,"Machine Learning - iOS Software Engineer,",서울,,"computer vision Python libraries... programming skills with proficiency in Python, Flask, iOS Dev tools, and GitHub..."
https://kr.indeed.com/viewjob?jk=774afc35e3ec6e5a,[AI/Lab] Recommendation System 리서치 엔지니어 (전문연구요원 가능),서울,,있으신 분 논문을 빠르고 정확하게 이해하고 구현할 수 있으신 분 최신 추천 기술 동향을 파악하고 계신 분 Python 사용 능력이 능숙하신 분 ※ 참고사항 : 해당 직군은 상세 경력기술서 제출이 필수입니다. 이런 분은...
https://kr.indeed.com/viewjob?jk=ed8c6b1d14f6e854,[문화기술연구소] IBD 연구실 시간제 위촉연구원 채용,대전 유성구,,"없을 경우 , 선발하지 않을 수도 있음 . 2 모집분야 직무내용 모집분야 주요업무 인공지능 /NLP - Python/PyTorch 기반의 자연어 처리 모델 개발 및 평가 - STT 기술을 이용한 동영상 음성 추출 모듈 개발..."
https://kr.indeed.com/viewjob?jk=340fa2d2204cf879,"Cloud AI Engineer, Professional Services",서울,,"Experience writing software in one or more languages... Python, Scala, R... similar. Experience building machine..."
https://kr.indeed.com/viewjob?jk=c79d93526636e256,"Senior Data Scientist (Machine Learning, 반도체산업)",서울,,"Project management experience Programming skills, e.g. Python, R, Java, C++ Comfortable reporting results to both technical..."
https://kr.indeed.com/viewjob?jk=229ac5d0343715e9,[EY컨설팅] 금융컨설팅본부 리스크관리 경력 컨설턴트 모집,서울 영등포구,,"국내외 금융기관 리스크관리 컨설팅 또는 여신업무 프로세스 개선(PI) 컨설팅 경험 - SAS, SQL, Python, R 등을 활용한 데이터분석 역량 보유자 우대 - 관련 자격증 소지자 (FRM 등) 우대 - 외국어..."
https://kr.indeed.com/viewjob?jk=3822d1c0cf5cb8db,BackEnd Engineer,서울,"연봉 50,000,000원 - 150,000,000원","Javascript, Java, Python 중 적어도 하나 이상의 경험을... 구축을 경험하신 분 * Modern Javascript, Java, Python 중 하나 이상에 탁월한 능력을 지닌 분 * AWS 상에서 제품을 구축..."
https://kr.indeed.com/viewjob?jk=052c7a57fd9e38bc,"Software Engineer - Algorithm, C++",서울,,industry * Strong experience programming in C++ and Python with robust and efficient code * Knowledge and implementation...
https://kr.indeed.com/viewjob?jk=fc09bd46b913c048,시스템 엔지니어링,성남 판교역,,"운영 경험 보유 - 쉘 스크립트 또는 프로그래밍 개발 스킬 보유 * Bash, PowerShell, Python, JAVA, etc * 운영 자동화/효율화 경험 보유 - 대용량 트래픽 처리를 위한 인프라 설계와 구축..."
https://kr.indeed.com/viewjob?jk=a3d2400d49e1aa63,BootStack APAC Engineering Manager,서울,,"professional experience of either software delivery using Python, Go, C, C++, Java, or similar... managing operations..."
https://kr.indeed.com/viewjob?jk=3e7b756ca8ec169f,가상화 엔지니어 정규직,서울 서초구,"연봉 40,000,000원 - 50,000,000원",DM/NV 등) 우대사항 1) 정보처리산업기사 이상의 자격을 보유하신 분 2) PowerShell/Bash/ Python 등 System Script 경험이 있는 분 기타정보 1) 삼성전자 반도체 사업장 VMware 가상화...
https://kr.indeed.com/viewjob?jk=f4561de06d46ca9f,[TmaxAI/R&D] NLP(자연어음성)부문 연구원 및 관련 서비스 프론트 & 백엔드 개발자 신입 및 경력,성남 분당구,,"DB 개발 경험이 있으신 분 [음성, 자연어처리] 관련 분야의 연구 경험 / 기본 지식 보유자 기본적인 Python 프로그래밍이 가능하신 분 우대사항 [프론트] - UX 기획 및 개발 유경험자 - react 개발 유경험자..."
https://kr.indeed.com/viewjob?jk=9c4a348480a120c4,"C·C++, 머신러닝(ML) 외 신입/경력 정규직",서울 마포구,,통신·모바일·게임>응용프로그래머>C·C++|인터넷·IT·통신·모바일·게임>응용프로그래머>머신러닝(ML)|인터넷·IT·통신·모바일·게임>응용프로그래머>인공지능(AI)|인터넷·IT·통신·모바일·게임>응용프로그래머> Python
https://kr.indeed.com/viewjob?jk=b99fdac1ecbccb28,(주)엘솔루 음성인식팀 개발직,서울,,인터넷·IT·통신·모바일·게임>응용프로그래머>머신러닝(ML)|인터넷·IT·통신·모바일·게임>응용프로그래머> Python|무역·영업·판매·매장관리>기술영업>SI(Solution·System)|무역·영업·판매·매장관리>기술영업...
https://kr.indeed.com/viewjob?jk=1399ee2f387a27dd,카카오 전체의 계정 플랫폼을 만들 서버개발자 모집,성남 판교역,,"를 사용한 웹어플리케이션 개발 하둡 에코시스템을 활용한 대용량 데이터 처리 Ruby on Rails, Python 을 사용한 개발 Kafka, Redis, Elastic Search 등을 활용한 개발 함께 성장하고 싶다면..."
https://kr.indeed.com/viewjob?jk=07365317f092b035,소프트웨어 신입/경력 정규직,성남 분당구,,출근이 가능하신 분[우대사항]우대사항: ㆍ인근거주자 ㆍ경력 기간 : 2년이상 또는 자격요건에 준하는 자 ㆍ python 코딩에 능숙하신 분 ㆍ스타트업 업계에 관심이 많고 스타트업 기업 문화 만드는 것에 관심이 있으신 분 ㆍ새로...
https://kr.indeed.com/viewjob?jk=0689b785f455ad30,스마트 팩토리 Data Engineer,서울 여의도역,,"구축 - 데이터 분석 모델의 구현 및 응용 서비스(데이터 프로덕트) 개발 • 필수자격요건 - Java, Python, R 등을 이용하여 소프트웨어 개발이 가능한 분 - Hadoop, Spark, Kafka, ELK 등의..."
https://kr.indeed.com/viewjob?jk=d3d33eafc5f2c0ac,Data scientist 직무 경력직,서울특별시,,"설계 / 검증 - 관련 직무 경력 5년 이상 ㆍ역량 요건 - 데이터마이닝 및 분석 기술/SQ,L, R, Python 등 활용 능력 보유 - AI / ML 이해 및 관련 라이브러리 활용, 알고리즘 개발 역량 보유 - Big..."
